홈데코, 어린이, 레저, 식품, 주방
어린이, 식품, 주방
홈데코, 식품, 가전, 주방
어린이, 레저, 식품, 주방
홈데코, 식품, 주방
식품
홈데코, 어린이, 레저, 식품, 주방
어린이, 레저, 주방
식품
도서, 홈데코, 어린이, 레저
어린이, 주방
어린이, 레저, 식품, 주방
홈데코, 식품
홈데코, 어린이, 레저, 식품, 주방
홈데코, 식품, 주방
어린이, 레저, 식품, 주방
도서, 홈데코, 어린이, 레저, 식품, 주방
식품
홈데코, 어린이, 식품, 가전
홈데코, 식품, 주방
홈데코, 식품, 가전, 주방
레저, 가전
홈데코, 식품, 주방
주방
홈데코, 주방
주방
어린이, 식품
도서, 홈데코, 어린이, 레저, 식품, 주방
어린이, 레저, 주방
홈데코, 어린이, 레저, 식품, 주방
홈데코, 주방
어린이, 레저, 식품, 주방
홈데코, 어린이, 레저, 식품, 주방
홈데코, 주방
홈데코, 식품, 주방
홈데코, 주방
어린이, 레저, 식품
도서, 홈데코, 레저
도서, 홈데코, 어린이, 레저, 식품, 주방
주방
어린이
어린이, 레저, 식품, 주방
홈데코, 어린이, 식품, 주방
홈데코, 어린이, 레저, 식품, 주방
홈데코, 식품, 주방
홈데코, 식품, 주방
홈데코, 어린이, 주방
홈데코, 어린이, 레저, 식품, 주방
도서, 어린이, 식품, 주방
도서, 홈데코, 어린이, 레저, 식품, 주방
홈데코, 식품, 주방
식품
식품, 주방
홈데코, 어린이, 레저, 식품, 주방
식품, 주방
어린이, 레저, 식품, 주방
홈데코, 어린이, 레저, 식품, 가전, 주방
홈데코, 어린이, 레저, 식품, 주방
홈데코, 어린이, 레저, 식품, 주방
가전, 주방
식품
홈데코, 식품
어린이
홈데코, 어린이, 레저, 식품, 주방
홈데코, 어린이, 레저, 주방
주방
도서
도서, 어린이, 레저
식품
홈데코, 식품, 주방
어린이, 레저, 식품
어린이, 레저, 식품
어린이, 레저, 식품, 주방
홈데코, 어린이, 레저, 식품, 주방
식품, 주방
주방
식품
홈데코, 어린이, 레저, 식품, 주방
어린이, 식품, 가전
홈데코, 어린이, 레저, 식품, 가전, 주방
어린이, 레저, 식품, 주방
홈데코, 식품, 주방
식품
도서, 식품
도서, 어린이, 레저, 식품
홈데코, 식품
홈데코, 어린이
식품
홈데코, 어린이, 레저, 식품, 주방
어린이, 레저, 식품, 주방
홈데코, 어린이, 식품
홈데코, 식품
홈데코
어린이, 레저, 식품, 주방
어린이, 식품, 주방
홈데코, 식품
홈데코, 식품
홈데코, 어린이, 레저, 식품, 주방
홈데코, 주방
홈데코, 어린이, 레저, 식품, 주방
홈데코, 주방
주방
홈데코, 어린이, 레저, 식품, 주방
홈데코, 식품, 주방
홈데코, 어린이, 레저, 식품, 주방
홈데코, 주방
어린이, 레저
식품, 주방
어린이
도서, 홈데코, 어린이, 레저, 식품, 주방
홈데코, 레저, 가전
식품
식품
홈데코, 식품
홈데코
도서, 홈데코, 어린이, 식품, 주방
어린이, 레저, 가전, 주방
식품
홈데코, 식품, 주방
홈데코, 어린이, 레저, 식품, 주방
홈데코, 주방
도서, 식품
도서, 어린이, 레저, 주방
도서, 식품
어린이, 식품
홈데코, 식품
어린이, 식품
어린이, 레저, 가전
홈데코, 식품
홈데코, 어린이, 레저, 식품
홈데코, 어린이, 식품, 가전, 주방
도서, 홈데코, 식품, 주방
어린이, 레저, 주방
홈데코, 어린이, 레저, 식품, 주방
레저
홈데코, 주방
홈데코, 가전
도서, 홈데코, 식품, 주방
레저
홈데코, 식품
주방
홈데코, 어린이
주방
홈데코, 어린이, 식품, 주방
식품, 가전
식품, 주방
홈데코, 어린이, 레저, 식품, 가전, 주방
어린이, 레저, 식품, 주방
홈데코
홈데코, 식품
